user_id,first_name,last_name,email,date_of_birth
U217,Afrida,Dawson,afrida.dawson@gmail.com,2000-05-05
U218,Taylor,Zhangir,ts1892@gmail.com,1990-09-01
U220,Vallerie,Sebastian,v.sebs661@gmail.com,2002-03-08
U221,Alfonso,Spinka,walker.mollie@yahoo.com,1993-10-05
U222,Malika,Paucek,immanuel.aufderhar@gmail.com,1994-11-04
U223,Rhianna,Denesik,dtorphy@hotmail.com,2015-04-02
U224,Elyse,Jenkins,tommie.prohaska@yahoo.com,2021-02-04
U225,Carmine,Kuphal,christ.boehm@yahoo.com,2007-01-04
U226,Isidro,Little,schuppe.larue@gmail.com,2001-09-05
U227,Devonte,Pollich,romaine.gaylord@hotmail.com,2001-03-08
U229,Kendra,Yost,lhansen@gmail.com,2001-08-07
U230,Evert,Medhurst,qarmstrong@yahoo.com,1988-07-18
U231,Marianna,Collins,fadams@gmail.com,1981-05-10
U232,Alia,Thompson,buster.kiehn@hotmail.com,2010-12-01
U233,Barney,Anderson,lcummings@gmail.com,1989-11-16
U234,Enos,Parisian,mreynolds@yahoo.com,2003-01-21
U235,Floyd,Jaskolski,mjast@gmail.com,1989-02-04
U236,Zoie,Mueller,berta54@hotmail.com,2005-11-07
U237,Taylor,Greenfelder,tristian93@gmail.com,1982-02-06
U238,Elenor,Halvorson,leslie.schultz@gmail.com,1985-11-13
U239,Lorena,Macejkovic,gisselle23@yahoo.com,2006-05-16
U240,Candelario,Runte,clementina.lindgren@gmail.com,2010-11-27
U241,Amos,Witting,gleason.alden@hotmail.com,1996-02-18
U242,Hassie,Tillman,larkin.george@hotmail.com,1992-02-19
U243,Amira,Konopelski,von.kiera@yahoo.com,2020-01-21
U244,Jazlyn,Howe,monahan.alaina@yahoo.com,2005-09-20
U245,Elsa,Gleason,margret88@yahoo.com,2016-08-23
U246,Shayne,Littel,chaim62@gmail.com,1981-01-14
U247,Jonatan,DuBuque,fritsch.sigrid@gmail.com,2012-06-06
U248,Minerva,Stiedemann,witting.candice@gmail.com,1973-04-29
U249,Agustina,Wolf,mclaughlin.janice@gmail.com,1988-08-12
U250,Aurelie,Johnston,baumbach.ronny@hotmail.com,2009-08-30
U251,Berneice,Wilderman,joy30@gmail.com,1986-10-28
U252,Virginia,Reinger,umarquardt@gmail.com,2009-05-01
U253,Ebba,Hilll,pherman@hotmail.com,1998-05-01
U254,Nicklaus,Kozey,mollie48@gmail.com,1975-09-06
U255,Ola,Kutch,cremin.kaci@yahoo.com,2000-12-20
U256,Deanna,Fritsch,rosina23@yahoo.com,1999-07-25
U257,Maybelle,Hara,tracy78@hotmail.com,1970-11-20
